1;Poland;PL 27-200;postcode;51.054912;21.0766539
2;Norway;NO 1450;postcode;59.8655;10.6594
3;Poland;PL 30-740;postcode;50.0419279;20.0453232
4;Latvia;LV 1053;postcode;56.925325;23.9822132
5;The Netherlands;NL 5928PR;postcode;51.3907478;6.1356484
6;Turkey;TR 41400;county;40.9578;29.7294
7;Denmark;DK DK-2610;village;56.5530941;9.1589614
8;Finland;FI 70800;postcode;62.8282281;27.6084697
9;The Netherlands;NL 1704SB;postcode;52.6909412;4.8343409
10;Austria;AT 1110;postcode;48.1587777;16.4262796
11;Germany;DE 90471;postcode;49.4175921;11.124471
12;Germany;DE 88682;postcode;47.7450634;9.3013977
13;Poland;PL 96200;postcode;51.76322;20.2510265
14;United Kingdom;GB CV34PB;terminated_postcode;52.367554;-1.474773
15;Czech Republic;PL ;county;49.5228102;13.2063121
16;Germany;DE 54552;postcode;50.1215153;6.9736073
17;France;FR 69125;village;48.9657979;-1.4427483
18;Poland;PL 85-862;postcode;53.0969438;18.0575817
19;Poland;PL 59-241;postcode;51.1538894;16.2274861
20;Poland;PL 85-817;postcode;53.1141247;18.0380158
21;Poland;PL 73-110;postcode;53.2915008;14.9935381
22;Poland;PL 45-368;postcode;50.668046;17.9396605
23;Poland;PL 02-797;postcode;52.1454169;21.0664545
24;Poland;PL 33-100;postcode;50.030975;21.0093936
25;Poland;PL 37-450;postcode;50.5812323;22.0522974
26;Poland;PL 22-100;postcode;51.1296524;23.4714779
27;Poland;PL 37-400;postcode;50.5124566;22.1546375
28;Poland;PL 05-600;postcode;51.876484;20.8766546
29;Poland;PL 86-100;postcode;53.4347725;18.4481773
30;Poland;PL 89-100;postcode;53.1413439;17.5926467
31;Poland;PL 32-500;postcode;50.1273245;19.3897871
32;Poland;PL 47-303;postcode;50.4833713;17.9788919
33;Poland;PL 66-620;postcode;51.948396;14.7215495
34;Poland;PL 62-080;postcode;52.4445091;16.6693216
35;Germany;DE 86637;postcode;48.5674248;10.6870197
36;Sweden;SE 25232;road;57.6675109;11.9387551
37;Germany;DE 64584;postcode;49.784318;8.4573908
38;Hungary;HU 2360;neighbourhood;47.3695812;19.2242906
39;Germany;DE 14532;postcode;52.4011833;13.2383143
40;Austria;AT 1230;postcode;48.141463;16.2918315
41;Austria;AT 1210;building;48.0084145;13.223575
42;Czech Republic;   53301;postcode;50.024457;15.8319939
43;Norway;NO N-3426;county;62.3718777;11.0704637
44;Poland;PL 30-733;postcode;50.036206;19.9995916
45;Poland;PL 59-730;postcode;51.2101316;15.386079
46;France;FR 37300;postcode;47.3443886;0.6635716
47;The Netherlands;NL 5126PT;postcode;51.547212;4.9497054
48;Germany;DE 6774;garden;54.3482243;10.1178055
49;Norway;NO 596;clothes;63.4434819;10.4477979
50;Poland;PL 05-310;postcode;52.2179912;21.8126036
51;Poland;PL 07-221;postcode;52.631866;21.5823017
52;Poland;PL 42-575;postcode;50.3839935;19.0879247
53;Poland;PL 33-140;postcode;50.0769072;21.0261849
54;Germany;DE 24114;postcode;54.3126701;10.1253175
55;Poland;PL 91-341;postcode;51.8011188;19.4164181
56;Poland;PL 66-400;postcode;52.7652956;15.2675177
57;Poland;PL 67-200;postcode;51.6540236;16.0727872
58;Poland;PL 43-300;postcode;49.8143375;19.0675317
59;Poland;PL 55-040;postcode;50.9986283;16.9144339
60;Poland;PL 58-310;postcode;50.8032103;16.2553046
61;Poland;PL 99-300;postcode;52.2306037;19.3785533
62;Poland;PL 11-400;postcode;54.0641074;21.3990686
63;Poland;PL 21-100;postcode;51.4596942;22.6060212
64;Poland;PL 21-400;postcode;51.928196;22.3803673
65;Poland;PL 22-300;postcode;50.9937535;23.1414424
66;Poland;PL 26-900;postcode;51.587877;21.5510197
67;Poland;PL 62-020;postcode;52.4014584;17.0805432
68;Poland;PL 99-400;postcode;52.1037504;19.9338125
69;Poland;PL 55-200;postcode;50.9446741;17.2755661
70;Poland;PL 66-200;postcode;52.2502506;15.5319717
71;Poland;PL 66-300;postcode;52.4438261;15.5923351
72;Poland;PL 66-470;postcode;52.608071;14.6414152
73;Poland;PL 44-100;postcode;50.2880253;18.6367367
74;Poland;PL 42-100;postcode;50.9051001;18.9748168
75;Germany;DE 74321;postcode;48.9635496;9.1002765
76;Austria;AT 1220;postcode;48.2320582;16.4657604
77;Germany;DE DE55124;postcode;50.0015432;8.2232292
78;Germany;DE D-50735;postcode;50.9780761;6.9649642
79;Poland;PL 05-080;postcode;52.2775104;20.8084203
80;Russia;RU 141700;postcode;55.9318234;37.5250283
81;Spain;ES 8009;restaurant;39.5079538;2.5315622
82;Germany;DE 53879;postcode;50.6435144;6.7825297
83;Austria;AT 2332;building;48.0084145;13.223575
84;Poland;PL 96-515;postcode;52.2056501;20.4192124
85;France;FR 45700;postcode;47.9609665;2.6233312
86;Norway;NO 2007;postcode;59.9752701;11.0412427
87;Poland;PL 03-215;postcode;52.2857174;21.0087428
88;Poland;PL 05-800;postcode;52.1564958;20.796405
89;Poland;PL 00-939;road;49.9142921;18.7658406
90;Poland;PL 00-992;postcode;52.25;21.0
91;Poland;PL 07-410;postcode;53.0810964;21.570158
92;Poland;PL 41-910;postcode;50.3394529;18.9304795
93;Poland;PL 58-105;postcode;50.8457399;16.4676757
94;Poland;PL 70-117;postcode;53.4072192;14.5194706
95;Poland;PL 61-696;postcode;52.4359204;16.9234189
96;Hungary;HU 2225;neighbourhood;47.3744688;19.3494691
97;Denmark;DK 2630;postcode;55.6500241;12.2906322
98;Norway;NO 1065;postcode;59.938;10.9231
99;Poland;PL 80-180;postcode;54.3122628;18.5833484
100;Poland;PL 81-577;postcode;54.4924846;18.4296294
101;Poland;PL 20-504;postcode;51.232564;22.5002458
102;Poland;PL 30-663;postcode;50.0200884;19.9849311
103;Poland;PL 39-300;postcode;50.2899177;21.4363379
104;Poland;PL 19-200;postcode;53.6244334;22.4678122
105;Poland;PL 64-000;postcode;52.0961872;16.6366882
106;Poland;PL 64-500;postcode;52.6145742;16.5623672
107;Poland;PL 47-400;postcode;50.0715334;18.2753876
108;Poland;PL 51-315;postcode;51.1458955;17.1270717
109;Poland;PL 58-200;postcode;50.737885;16.6446829
110;Poland;PL 68-100;postcode;51.6134261;15.3208245
111;Poland;PL 88-170;postcode;52.8063114;18.0900622
112;Poland;PL 93-428;postcode;51.7030177;19.4659256
113;Germany;DE 44793;postcode;51.4870765;7.1781705
114;Germany;DE 12103;postcode;52.4597468;13.3695159
115;France;FR 93300;county;48.9167;2.3833
116;United Kingdom;GB RM191NA;postcode;51.482715;0.25255
117;Poland;PL 85-438;allotments;53.1730059;15.4145574
118;Poland;PL 44-141;postcode;50.2514088;18.6827573
119;Lithuania;LT LT-52114;postcode;54.9300823;24.035569
120;Poland;PL 03-236;postcode;52.3063251;21.0183416
121;France;FR 94310;postcode;48.7382825;2.3797521
122;Czech Republic;CZ 19300;postcode;50.1115902;14.6137378
123;Poland;PL 02-285;postcode;52.1729943;20.9272366
124;Poland;PL 62-800;postcode;51.7537927;18.0622225
125;Poland;PL 01-377;postcode;52.2197251;20.9183637
126;Poland;PL 56-120;postcode;51.2744109;16.7172164
127;Poland;PL 59-220;postcode;51.200954;16.1748954
128;Poland;PL 83-400;postcode;54.1408364;17.9819287
129;Poland;PL 81-005;postcode;54.5438961;18.4503754
130;Poland;PL 58-506;postcode;50.9147141;15.769041
131;Poland;PL 64-920;postcode;53.151202;16.7566176
132;Poland;PL 01-460;postcode;52.2409288;20.9166978
133;Poland;PL 04-125;postcode;52.2334905;21.0961229
134;Poland;PL 05-820;postcode;52.1846519;20.8444083
135;Poland;PL 27-400;postcode;50.9298447;21.422026
136;Poland;PL 18-300;postcode;53.0006902;22.2731845
137;Poland;PL 05-530;postcode;51.9737036;21.1760969
138;Poland;PL 77-300;postcode;53.6535091;17.3410264
139;Poland;PL 41-605;postcode;50.3047903;18.9047269
140;Poland;PL 55-100;postcode;51.3139002;17.0705872
141;Poland;PL 59-920;postcode;50.9032087;14.962896
142;Poland;PL 66-100;postcode;52.0740966;15.6113203
143;Poland;PL 60-685;postcode;52.458637;16.9070877
144;Poland;PL 95-010;postcode;51.8889567;19.5858637
145;Belgium;BE 2800;postcode;51.0348035;4.4689794
146;Poland;PL 33-300;postcode;49.6085557;20.7244063
147;Germany;DE 24211;postcode;54.2280873;10.275884
148;Spain;ES 37192;postcode;40.9445328;-5.6954271
149;Poland;PL 31-983;postcode;50.0705919;20.1096154
150;Poland;PL 20-328;postcode;51.23395;22.6091437
151;Germany;DE 13581;postcode;52.530544;13.1787666
152;Poland;PL 05-850;postcode;52.2151692;20.8008545
153;Norway;NO 2020;county;70.2331268;25.1993945
154;Poland;PL 87-800;postcode;52.6713385;19.0344581
155;Poland;PL 97-400;postcode;51.3666323;19.3638159
156;Poland;PL 40-101;postcode;50.2724065;18.9970264
157;Poland;PL 42-200;postcode;50.8052644;19.1119719
158;Poland;PL 42-600;postcode;50.4454582;18.8541586
159;Poland;PL 44-200;postcode;50.0998637;18.5571914
160;Poland;PL 64-100;postcode;51.8384353;16.5877992
161;Poland;PL 37-700;postcode;49.7916934;22.7598124
162;Poland;PL 38-402;postcode;49.6833;21.7833
163;Poland;PL 03-429;neighbourhood;52.3121346;21.0270363
164;Poland;PL 25-406;postcode;50.8806169;20.6543349
165;Poland;PL 96-100;postcode;51.9650993;20.1510187
166;Poland;PL 32-700;postcode;49.9544584;20.4396333
167;Poland;PL 34-300;postcode;49.6991637;19.2042762
168;Poland;PL 41-200;postcode;50.2799727;19.1383461
169;Poland;PL 41-400;postcode;50.1924063;19.1265812
170;Poland;PL 46-100;postcode;51.0742314;17.7356176
171;Austria;AT 5071;postcode;47.7620877;12.9995412
172;Poland;PL 41-100;postcode;50.2998317;19.0145485
173;Poland;PL 97-300;postcode;51.4115703;19.6899283
174;France;FR 13127;postcode;43.4508244;5.2612487
175;Austria;AT A-2332;county;48.1117;16.3631
176;United Kingdom;GB SP53HU;postcode;50.996006;-1.756196
177;Austria;AT 1300;postcode;48.1199269;16.5627989
178;Germany;DE 14055;postcode;52.507141;13.2162776
179;The Netherlands;NL 3417XS;postcode;52.044717;4.9330761
180;Russia;RU 127238;postcode;55.7608036;37.610673
181;Poland;PL 75-450;postcode;54.1935158;16.2106046
182;Poland;PL 92-308;postcode;51.75;19.4667
183;Poland;PL 16-400;postcode;54.1218012;22.9005424
184;Poland;PL 59-300;postcode;51.4056904;16.1837078
185;Poland;PL 53-633;postcode;51.1226071;17.0152866
186;Poland;PL 24-100;postcode;51.3820007;21.9418605
187;Poland;PL 07-200;postcode;52.6032134;21.4389851
188;Poland;PL 21-300;postcode;51.7833124;22.6247703
189;Poland;PL 23-400;postcode;50.549822;22.7252634
190;Poland;PL 83-000;postcode;54.2590428;18.6459015
191;Poland;PL 74-800;road;50.9057603;20.5829646
192;Poland;PL 76-100;postcode;54.3581632;16.6789917
193;Poland;PL 28-200;postcode;50.5581769;21.1996106
194;Poland;PL 43-502;postcode;49.904565;19.0067738
195;Poland;PL 45-056;postcode;50.6697522;17.9312202
196;Poland;PL 59-700;postcode;51.26484;15.5630215
197;Austria;AT 4020;neighbourhood;48.2876116;14.3024774
198;France;FR 77600;postcode;48.8398209;2.6977536
199;France;FR 94380;postcode;48.7700842;2.485362
200;Germany;DE 97204;postcode;49.7755139;9.8712891
201;Poland;PL 42-480;postcode;50.4912084;19.3335084
202;Poland;PL 05-240;postcode;52.4276918;21.4283568
203;Poland;PL 25-900;postcode;50.8706255;20.717286
204;Poland;PL 05-870;postcode;52.1946846;20.6106085
205;Norway;NO 1878;postcode;59.5514486;11.4709237
206;Poland;PL 01-117;postcode;52.239563;20.9443057
207;Czech Republic;CZ 50004;postcode;50.2041156;15.7907498
208;Germany;DE 50735;postcode;50.9780761;6.9649642
209;Austria;AT 5020;postcode;47.7559725;13.0157753
210;Germany;DE 10179;postcode;52.520808;13.4147409
211;France;FR 95500;county;49.0066;2.4722
212;Sweden;SE 33127;road;57.6675109;11.9387551
213;Poland;PL 30-900;postcode;50.0323416;19.9777846
214;Poland;PL 30-902;postcode;50.0328698;19.9743604
215;Russia;RU 142000;postcode;55.4283235;37.7791649
216;Germany;DE 37520;postcode;51.7258643;10.2508806
217;Poland;PL 63-400;postcode;51.6458114;17.832987
218;Poland;PL 65-729;postcode;51.9504162;15.4954212
219;Poland;PL 95-080;postcode;51.5962099;19.5226625
220;Poland;PL 05-500;postcode;52.0798361;21.0216104
221;Poland;PL 06-400;postcode;52.8750267;20.6030891
222;The Netherlands;NL 4877LA;postcode;51.5753779;4.6079278
223;Belgium;BE 1070;postcode;50.8288394;4.2895601
224;Norway;NO 484;road;58.1489314;7.9938931
225;Poland;PL 54-204;postcode;51.1199324;16.9902147
226;Poland;PL 96-500;postcode;52.2296765;20.2469028
227;Poland;PL 38-500;postcode;49.5554828;22.2082679
228;Poland;PL 08-400;postcode;51.8989073;21.5985804
229;Poland;PL 63-800;postcode;51.8862543;16.9985171
230;Poland;PL 26-200;postcode;51.1968836;20.408021
231;Poland;PL 34-600;postcode;49.70755;20.4269229
232;Poland;PL 47-200;postcode;50.3465562;18.1403355
233;France;FR 57420;postcode;48.9867635;6.1864898
234;Austria;AT 6858;postcode;47.4449585;9.763486
235;Poland;PL 02-158;postcode;52.1515913;20.9857998
236;Germany;DE 22769;postcode;53.565054;9.9503286
237;Poland;PL 18-400;postcode;53.1673391;22.0638848
238;Poland;PL 88-100;postcode;52.7958229;18.27645
239;Poland;PL 30-347;postcode;50.0378729;19.9264404
240;Poland;PL 16-100;postcode;53.3948588;23.4852312
241;Poland;PL 19-300;postcode;53.8124798;22.3834181
242;Poland;PL 21-010;postcode;51.3033741;22.8748968
243;Poland;PL 37-600;postcode;50.1655534;23.1452341
244;Poland;PL 05-822;postcode;52.1277523;20.6701469
245;Poland;PL 04-035;neighbourhood;52.3121346;21.0270363
246;Poland;PL 43-450;postcode;49.7659384;18.8062574
247;Poland;PL 59-400;postcode;51.0574392;16.1877421
248;Germany;DE 74572;postcode;49.3032324;9.9714741
249;France;FR 59200;postcode;50.7152485;3.1601724
250;France;DE 1723;city;48.7358807;1.3684254
251;Hungary;HU 2040;neighbourhood;47.4562105;18.9407052
252;Poland;PL 09-100;postcode;52.6229177;20.3715281
253;Poland;PL 01-219;postcode;52.2248542;20.9765029
254;Poland;PL 62-064;postcode;52.3681085;16.8166948
255;Poland;PL 80-563;postcode;54.4021409;18.6700538
256;The Netherlands;NL 4206CJ;postcode;51.8498826;4.9861095
257;Austria;AT 1120;postcode;48.180259;16.3313609
258;France;FR 35170;postcode;48.023974;-1.7515429
259;Poland;PL 03-117;neighbourhood;52.3121346;21.0270363
260;Norway;NO 1481;postcode;59.9924706;10.9221849
261;Austria;AT 4511;postcode;48.1531663;14.175349
262;Poland;PL 35-959;postcode;50.0232001;22.0119896
263;Poland;PL 01-459;postcode;52.2386378;20.9173527
264;Poland;PL 94-250;postcode;51.7798434;19.400484
265;Poland;PL 41-203;postcode;50.290206;19.0784334
266;Germany;DE 60327;postcode;50.0976156;8.6466844
267;Russia;RU 107241;postcode;55.8164566;37.793362
268;Sweden;SE 25669;postcode;56.0372123;12.7830653
269;Poland;PL 62-052;postcode;52.3326943;16.7988573
270;Poland;PL 01-242;postcode;52.224171;20.9573215
271;Poland;PL 42-677;postcode;50.3389386;18.7087251
272;The Netherlands;NL 3542AB;postcode;52.1130133;5.0544451
273;Poland;PL 15-102;postcode;53.1477827;23.159603
274;Denmark;DK 2605;postcode;55.6525901;12.4136313
275;France;FR 27600;postcode;49.1537201;1.3093275
276;Austria;AT 6900;postcode;47.4920512;9.7708241
277;Austria;AT A2332;county;48.0897643;14.7326052
278;Austria;AT A1230;county;48.0897643;14.7326052
279;Germany;DE 53842;postcode;50.8479836;7.195429
280;Austria;AT 8020;postcode;47.0780305;15.4303287
281;Belgium;BE 3900;postcode;51.2043911;5.4244948
282;Italy;IT 37059;postcode;45.370429;11.1057152
283;Austria;AT A-6020;county;47.25;11.4167
284;Hungary;HU HU9400;postcode;47.6842665;16.5776157
285;Poland;PL 25-323;postcode;50.8760402;20.6456471
286;Germany;DE 99195;postcode;51.0927675;11.0846254
287;Germany;DE 81379;village;48.1111412;11.471992
288;France;FR 95310;postcode;49.0450571;2.1263029
289;Hungary;HU 1089;postcode;47.4935;19.0882
290;Hungary;HU 1097;neighbourhood;47.460313;19.096273
291;Germany;DE 60531;postcode;50.1540661;8.6595148
292;France;FR 77340;postcode;48.8046202;2.5998319
293;Belgium;BE 8500;postcode;50.8256609;3.2619666
294;Poland;PL 81-061;postcode;54.5485895;18.4639002
295;Austria;AT 6700;postcode;47.156258;9.8166663
296;Austria;AT 6850;postcode;47.4015998;9.7412386
297;France;FR 67400;postcode;48.5223296;7.7318594
298;United Kingdom;GB S668RY;postcode;53.426116;-1.245475
299;Russia;RU 140070;postcode;55.6444469;37.9299319
300;France;FR 95152;road;44.36292;3.468604
301;Poland;PL PL-55-075;postcode;51.0333;16.9667
302;Poland;PL 31-357;postcode;50.0870212;19.8945751
303;France;FR 33521;neighbourhood;43.4099302;6.7249579
304;Austria;AT 1140;postcode;48.1998486;16.2636362
305;Germany;DE 29378;postcode;52.7266994;10.7385242
306;United Kingdom;GB BA228HZ;postcode;50.951851;-2.679127
307;United Kingdom;GB ME115JS;postcode;51.407548;0.75013
308;Portugal;PT 2614-010;country;39.6945;-8.13057
309;Germany;DE 33428;postcode;51.9807048;8.1402895
310;The Netherlands;NL 1411RC;postcode;52.2945768;5.1638991
311;Poland;PL 20-150;postcode;51.2748957;22.5708388
312;Poland;PL 26-600;postcode;51.3959525;21.1543184
313;Austria;AT 9020;postcode;46.6203871;14.302257
314;Poland;PL 32-005;postcode;50.0479464;20.2355954
315;Poland;PL 03-821;neighbourhood;52.3121346;21.0270363
316;Sweden;SE 23254;road;57.6675109;11.9387551
317;Belgium;BE 1071;country;50.75;4.5
318;Germany;DE 63762;postcode;49.9001382;9.0495694
319;Italy;IT 20068;postcode;45.4586302;9.3157297
320;France;FR 62220;postcode;50.4905625;2.9469908
321;Poland;PL 02-997;postcode;52.1493381;21.113293
322;Portugal;PT 1950;postcode;38.7447514;-9.1175696
323;Germany;DE 88131;postcode;47.5458922;9.6826963
324;Estonia;EE 10001;postcode;59.4303657;24.7948326
325;Czech Republic;CZ 33023;postcode;49.7120416;13.2175904
326;Poland;PL 32-020;postcode;49.9724001;20.0693918
327;Poland;PL 05-830;postcode;52.0931588;20.8048491
328;Germany;DE 93059;postcode;49.0242233;12.0975065
329;Germany;DE 63110;postcode;49.9965585;8.8672326
330;Sweden;SE 12040;road;58.4334839;15.683706
331;Czech Republic;CZ 34601;postcode;49.5365837;12.9368239
332;Austria;AT 6800;postcode;47.2572441;9.5777781
333;Poland;PL 51-180;postcode;51.1749517;17.0018986
334;Poland;PL 58-500;postcode;50.8948024;15.7527098
335;Poland;PL 30-798;postcode;50.0215696;20.0516991
336;The Netherlands;NL 2132JL;postcode;52.2925828;4.7042353
337;Poland;PL 45-222;postcode;50.6796905;17.9356708
338;Poland;PL 04-238;postcode;52.2401617;21.1357455
339;Norway;NO 1930;postcode;59.9340881;11.4827374
340;Poland;PL 00-001;postcode;52.234136;20.9874649
341;Portugal;PT 2635-047;postcode;38.7765026;-9.3358019
342;Germany;DE 70174;postcode;48.7820813;9.1714115
343;Greece;GR 13672;postcode;38.081596;23.7568356
344;Italy;IT 39100;postcode;46.4909909;11.3156668
345;Poland;PL 02-222;postcode;52.205613;20.944064
346;The Netherlands;NL 5048AB;postcode;51.5807565;5.0643777
347;Italy;IT 20017;postcode;45.5340597;9.0695922
348;Germany;DE 33310;country;51.5;10.5
349;Norway;NO 661;road;62.5130933;6.6200456
350;Sweden;SE 57141;postcode;57.6369364;14.6836447
351;Austria;AT 8042;neighbourhood;47.052739;15.4827369
352;France;FR 93140;postcode;48.9008033;2.4811649
353;The Netherlands;NL 1118AM;road;52.3104607;4.7599085
354;Belgium;BE 2030;postcode;51.2572134;4.4036339
355;Germany;DE 86156;postcode;48.3869467;10.8665906
356;Italy;IT 20092;postcode;45.5622618;9.2037403
357;Poland;PL 25-620;postcode;50.883606;20.6055478
358;Denmark;DK 2650;postcode;55.6367975;12.4715724
359;Denmark;DK 2600;postcode;55.6805846;12.4007624
360;Austria;AT 7210;postcode;47.7377458;16.394748
361;The Netherlands;NL 2441LD;railway;52.1564384;4.4789495
362;Switzerland;CH CH-8618;village;47.2746428;8.7182107
363;Poland;PL 85-766;postcode;53.1315356;18.1151103
364;Poland;PL 93-457;postcode;51.7047237;19.4202967
365;Austria;AT 5152;postcode;48.0216453;13.017177
366;Italy;IT 20066;postcode;45.4981;9.4204
367;United Kingdom;GB WV133XA;postcode;52.593046;-2.088552
368;Poland;PL 31-801;postcode;50.0858948;20.018008
369;Switzerland;CH 8010;county;47.3667;8.55
370;Spain;ES 28806;postcode;40.509847;-3.37167
371;Hungary;HU 1211;neighbourhood;47.4403543;19.0681291
372;Poland;PL 81-029;postcode;54.5492613;18.4598675
373;Germany;DE 48163;postcode;51.9287702;7.5810378
374;France;DE 65795;city;48.7358807;1.3684254
375;Spain;ES 25001;postcode;41.6118856;0.65537
376;Poland;PL 70-784;postcode;53.3796162;14.6769368
377;The Netherlands;NL 1019BR;postcode;52.3778331;4.9143826
378;Austria;AT 6020;postcode;47.2673333;11.3954476
379;Austria;AT 1030;postcode;48.1936435;16.3962864
380;Liechtenstein;FL 9494;postcode;47.1628333;9.5058403
381;Germany;DE 38126;postcode;52.2229831;10.5704541
382;Austria;AT 6863;postcode;47.4291067;9.8751059
383;Poland;PL 63-100;postcode;52.0739884;17.0141271
384;Sweden;SE 21124;postcode;55.6200137;13.0355683
385;The Netherlands;NL 2132MR;road;52.3104607;4.7599085
386;France;FR 59510;postcode;50.6598402;3.1841971
387;Germany;DE 45145;postcode;51.4481047;6.9654707
388;The Netherlands;NL 4104AJ;postcode;51.9429636;5.20499
389;Russia;RU 141055;postcode;56.05;37.4833
390;Norway;NO 668;county;62.7302621;6.9328585
391;Germany;DE 22926;postcode;53.6522739;10.2533034
392;Germany;DE 94133;postcode;48.7533876;13.5156155
393;Germany;DE D-94157;postcode;48.781709;13.4440525
394;Austria;AT 1070;postcode;48.2052507;16.348909
395;Austria;AT A-1060;postcode;48.1952387;16.3507309
396;The Netherlands;NL 3705LZ;building;52.1042753;5.2588481
397;Sweden;SE 13650;postcode;59.1468786;18.1100293
398;Sweden;SE S-35593;neighbourhood;56.7441631;15.267289
399;The Netherlands;NL 1704SV;postcode;52.6918391;4.8359988
400;Netherlands;NL 3439;county;52.0292;5.0806
401;Austria;AT A-1110;postcode;48.1670715;16.4272768
402;Germany;DE 65451;postcode;50.0595456;8.541088
403;Poland;PL 05-230;postcode;52.3405513;21.20405
404;Spain;ES 8403;restaurant;39.5079538;2.5315622
405;Poland;PL 75-900;postcode;54.1974116;16.1973573
406;Poland;PL 62-571;postcode;52.1609377;18.2321403
407;Czech Republic;CZ 25070;postcode;50.229794;14.4122662
408;Austria;AT 4540;postcode;48.0345599;14.2072668
409;Finland;FI 1640;bus_stop;60.2407853;24.8731352
410;Poland;PL 87-823;road;49.4199007;20.7258696
411;Poland;PL 05-090;postcode;52.1433531;20.9267029
412;Poland;PL 20-147;postcode;51.2689364;22.5735863
413;Poland;PL 80-298;postcode;54.3469955;18.4914894
414;Poland;PL 40-203;postcode;50.2623747;19.0420702
415;Poland;PL 61-285;postcode;52.3816712;16.9855043
416;France;FR 91130;postcode;48.6451967;2.4131777
417;France;DE 22525;city;48.7358807;1.3684254
418;Germany;DE 73730;postcode;48.7370669;9.3539453
419;Germany;DE 82205;postcode;48.1115859;11.27146
420;Germany;DE 84172;postcode;48.4557067;12.0238126
421;Germany;DE 85445;postcode;48.3377422;11.8183647
422;Poland;PL 53-332;postcode;51.0945821;17.0203565
423;Austria;AT 8055;postcode;47.0246944;15.4317984
424;Czechia;CZ 100008;country;49.8167003;15.4749544
425;Germany;DE 13509;postcode;52.5842683;13.2963127
426;Germany;DE 13591;postcode;52.5380287;13.1481382
427;Austria;AT 4702;postcode;48.2386677;13.9557615
428;France;FR 94381;country;46.603354;1.8883335
429;Austria;AT A-1030;postcode;48.1936435;16.3962864
430;Germany;DE D-90471;postcode;49.4014237;11.1256703
431;Poland;PL 32-060;postcode;50.0315242;19.7561425
432;Germany;DE D-22525;postcode;53.590035;9.9070303
433;Austria;AT 2620;postcode;47.7457524;16.021844
434;Germany;DE 33719;postcode;52.0238024;8.6157187
435;France;FR F-77500;postcode;48.8833545;2.588795
436;Germany;DE 76287;postcode;48.9913789;8.3298495
437;Austria;AT 6060;postcode;47.2810835;11.5054188
438;Austria;AT 8013;country;47.33333;13.33333
439;Czech Republic;CZ 10000;post_office;50.0763603;14.4925595
440;Germany;DE 14548;postcode;52.3503329;13.0134358
441;Poland;PL 41-506;postcode;50.2685893;18.937941
442;Germany;DE 40880;postcode;51.2899124;6.8206466
443;Germany;DE 14059;postcode;52.5187419;13.2827972
444;Norway;NO 1470;postcode;59.9375466;10.9538712
445;Switzerland;CH 5634;postcode;47.2601487;8.3767546
446;Austria;AT 5400;postcode;47.7220303;13.0646755
447;Germany;DE 64546;postcode;49.9816152;8.56393
448;Poland;PL 00-900;postcode;52.25;21.0
449;Poland;PL 02-672;postcode;52.1833284;21.0059703
450;Austria;AT 4820;postcode;47.720866;13.5851236
451;Germany;DE 38112;postcode;52.3024811;10.4370522
452;Germany;DE 59302;postcode;51.8791246;8.162623
453;Czech Republic;CZ 25090;postcode;50.1107488;14.7016098
454;Austria;AT 2203;postcode;48.3854226;16.4219803
455;Austria;AT 6854;postcode;47.4108128;9.7109561
456;United Kingdom;GB SN35HG;postcode;51.551194;-1.725769
457;United Kingdom;GB ME13AU;postcode;51.35889;0.495608
458;United Kingdom;GB WR38HR;postcode;52.21417;-2.199591
459;Austria;AT A-3100;neighbourhood;48.1953214;15.6206918
460;Germany;DE 28857;postcode;52.8809114;8.8567413
461;United Kingdom;GB SS143EU;postcode;51.589738;0.495335
462;Poland;PL 85-738;postcode;53.125853;18.0602765
463;Poland;PL 01-106;postcode;52.2328646;20.9401368
464;United Kingdom;GB NN106GL;postcode;52.293835;-0.629937
465;Poland;PL 02-305;postcode;52.218432;20.9652341
466;Germany;DE 33689;postcode;51.9435812;8.5918176
467;United Kingdom;GB WA35NT;postcode;53.474836;-2.496123
468;Slovakia;SK 83104;postcode;48.1687111;17.1403929
470;Czech Republic;CZ 77200;postcode;49.5791901;17.2650753
471;Germany;DE 59425;postcode;51.5525112;7.7042944
472;Italy;IT 29122;postcode;45.0415569;9.7043297
473;Poland;PL 30-552;postcode;50.0331348;19.970245
474;Luxembourg;   4061;postcode;49.4991739;5.9730306
475;Austria;AT 4600;postcode;48.1670336;14.0205157
476;The Netherlands;NL 1411GM;postcode;52.2919506;5.1813145
477;United Kingdom;GB SS129JG;postcode;51.589186;0.542848
478;Germany;DE D-39120;postcode;52.0913679;11.6313909
479;United Kingdom;GB L248RJ;postcode;53.343782;-2.886614
480;Denmark;DK 9850;postcode;57.5706868;9.9667087
481;France;FR 80700;postcode;49.7001098;2.7796063
482;Germany;DE D-94550;postcode;48.6651137;13.0741635
483;France;FR 59960;postcode;50.755609;3.1597378
484;The Netherlands;NL 1117CT;fast_food;52.0667435;4.2961518
485;Germany;DE 44149;postcode;51.5001803;7.4144708
486;Germany;DE 59069;postcode;51.629043;7.8583634
487;Poland;PL 05-190;postcode;52.5727223;20.8071871
488;Poland;PL 02-255;postcode;52.1880442;20.9458085
489;United Kingdom;GB LU54LT;postcode;51.891694;-0.511352
490;Poland;PL 87-100;postcode;53.0452359;18.5998488
491;Poland;PL 00-924;postcode;52.2380754;21.0199173
492;Germany;DE 12109;postcode;52.4507651;13.3849307
493;Ukraine;SE 30244;postcode;49.975408;26.5621961
494;Germany;DE 58099;postcode;51.3644105;7.5422067
495;United Kingdom;GB B64AE;postcode;52.494685;-1.883627
496;The Netherlands;NL 7006RK;postcode;51.9703982;6.2586111
497;Germany;DE 70567;postcode;48.7260912;9.1520766
498;Germany;DE 34121;postcode;51.3062366;9.4701344
499;Poland;PL 32-064;postcode;50.124138;19.7000082
500;Germany;DE 15366;postcode;52.5143754;13.6830762
501;United Kingdom;GB MK410QB;postcode;52.152726;-0.413343
502;Czech Republic;CZ 625;country;49.75;15.0
503;Austria;AT 1020;postcode;48.223083;16.3830087
504;Germany;DE 31552;postcode;52.3014182;9.3178185
505;Poland;PL 60-962;road;52.7838487;20.1461463
506;France;FR 30900;postcode;43.8395935;4.3173928
507;United Kingdom;GB WA28JA;postcode;53.407382;-2.60053
508;Poland;PL 00-793;postcode;52.2104352;21.0241038
509;Austria;AT 4609;postcode;48.1518897;14.0340645
510;Germany;DE 26125;postcode;53.2009884;8.2060808
511;Austria;AT 2351;postcode;48.0834456;16.3148884
512;Austria;AT 8010;postcode;47.0648468;15.4486986
513;Germany;DE 45772;postcode;51.7121165;7.1479624
514;Czech Republic;CZ 69002;postcode;48.7648569;16.8851173
515;Poland;PL 31-425;postcode;50.0823829;19.9516634
516;Germany;DE 23774;postcode;54.366909;10.9786501
517;Poland;PL 59-800;postcode;51.124199;15.2798577
518;Poland;PL 36-002;postcode;50.1312534;22.0693902
519;Germany;DE D-84172;postcode;48.4557067;12.0238126
520;France;FR 31770;postcode;43.6116996;1.3246522
521;United Kingdom;GB MK420PE;postcode;52.120215;-0.431675
522;Germany;DE 8042;neighbourhood;51.1474124;12.2405769
523;United Kingdom;GB WA28RJ;postcode;53.418631;-2.605082
524;Germany;DE 90411;postcode;49.4934976;11.0948134
525;Germany;DE D-40549;postcode;51.2344701;6.7211512
526;Sweden;SE 57138;postcode;57.6469426;14.7223889
527;Germany;DE 22952;postcode;53.6476302;10.3591517
528;Germany;DE 91589;postcode;49.2420485;10.3991721
529;Italy;IT 70132;postcode;41.1338557;16.8193862
530;Germany;DE 47906;postcode;51.3777527;6.4222413
531;United Kingdom;GB B323DB;postcode;52.44061;-1.999508
532;Belgium;BE 9120;postcode;51.2149837;4.2313099
533;Poland;PL 00-903;road;50.1518953;19.2652072
534;Estonia;EE 76406;postcode;59.3395096;24.6426415
535;Germany;DE 81677;postcode;48.1396584;11.6200801
536;Germany;DE 85540;postcode;48.122785;11.6960538
537;United Kingdom;GB B330SL;postcode;52.475762;-1.774766
538;Germany;DE 32429;postcode;52.2788662;8.8721346
539;Austria;AT 4061;postcode;48.240362;14.2448851
540;Germany;DE D-29378;postcode;52.7266994;10.7385242
541;Poland;PL 25-528;village;50.9309658;20.5672114
542;Austria;AT A-7201;postcode;47.7956991;16.2947214
543;Austria;AT 6262;postcode;47.3765948;11.8372105
544;Germany;DE 65719;postcode;50.079047;8.4455148
545;Germany;DE 6721;road;51.4360208;7.2816964
546;Germany;DE 63322;postcode;49.9721966;8.7965261
547;Sweden;SE 14149;road;57.6675109;11.9387551
548;Sweden;SE 34232;road;57.6675109;11.9387551
549;Germany;DE 40479;postcode;51.2336731;6.7793953
550;Poland;PL 48-300;postcode;50.4857642;17.3238756
551;Germany;DE 6116;bus_stop;49.4011645;9.2087627
552;Germany;DE 85354;postcode;48.3946913;11.7196423
553;Germany;DE D-61440;postcode;50.1993529;8.6048653
554;Sweden;SE 90132;postcode;63.8445322;20.2305549
555;Denmark;DK 2610;postcode;55.6887483;12.451218
556;Germany;DE 24568;postcode;53.8239781;9.9422058
557;Germany;DE 93073;postcode;48.986578;12.1829603
558;Germany;DE 22143;postcode;53.6064627;10.1669626
559;Austria;AT 3430;postcode;48.3246982;16.0735787
560;Austria;AT 7201;postcode;47.7956991;16.2947214
561;Poland;PL 30-007;postcode;50.0721631;19.9299005
562;The Netherlands;NL 6433KG;postcode;50.9114044;5.9398584
563;Czech Republic;CZ 66462;postcode;49.038275;16.5873753
564;France;FR 54320;postcode;48.7092851;6.1563349
565;Germany;DE D-01129;postcode;51.0977701;13.7311437
566;Finland;FI 1360;bus_stop;60.54144;22.3670928
567;Austria;AT A-4061;postcode;48.240362;14.2448851
568;Germany;DE D-65428;postcode;49.9693155;8.4520085
569;Poland;PL 41-819;postcode;50.3131431;18.7577244
570;Germany;DE D-26388;postcode;53.5764069;8.0991536
571;Sweden;SE 41104;postcode;57.7176289;11.9862332
572;Sweden;SE 19572;postcode;59.5677046;17.87909
573;Estonia;EE EE-11415;postcode;59.4241912;24.8390479
574;Germany;DE D-23858;postcode;53.8302272;10.4804785
575;Poland;PL 50-900;postcode;51.1;17.0333
576;Poland;PL 51-419;postcode;51.1332364;17.0836906
577;Germany;DE 85356;postcode;48.4203213;11.750158
578;Germany;DE 41066;postcode;51.2119045;6.473934
579;The Netherlands;NL 5211HH;postcode;51.6869019;5.3031969
580;Norway;NO N-2007;village;60.2556528;6.5724583
581;Germany;DE D-33428;postcode;51.9807048;8.1402895
582;The Netherlands;NL 2153PJ;road;51.8054726;5.2547938
583;Poland;PL 48-317;postcode;50.4907795;17.6106156
584;Poland;PL 45-125;postcode;50.6984909;17.9132482
585;Germany;DE 33333;postcode;51.8849363;8.4432207
586;Germany;DE D-64546;postcode;49.9816152;8.56393
587;Germany;DE D-04159;postcode;51.3726959;12.3520151
588;The Netherlands;NL 3991CS;postcode;52.0183568;5.1571101
589;Austria;AT A-1230;postcode;48.1414502;16.2922751
590;Germany;DE D-24145;postcode;54.2801438;10.1428377
591;United Kingdom;GB NE163DJ;postcode;54.955524;-1.687682
592;Germany;DE D-71665;postcode;48.9522858;8.9692348
593;The Netherlands;NL 2171TX;postcode;52.2135863;4.4970323
594;Finland;FI 100;road;60.2085568;24.9180213
595;Finland;FI 230;city;62.1373063;22.5603265
596;Poland;PL 17-100;postcode;52.7724722;23.1812676
597;Poland;PL 82-300;postcode;54.1690642;19.4208871
598;Poland;PL 43-200;postcode;49.9666994;18.9587906
599;Poland;PL 39-200;postcode;50.0470385;21.4227163
600;Poland;PL 60-465;postcode;52.4563122;16.8897561
601;Poland;PL 14-230;postcode;53.7974759;19.601145
602;Poland;PL 14-300;postcode;53.92103;19.919
603;Poland;PL 96-300;postcode;52.0368205;20.4563567
604;Poland;PL 98-100;postcode;51.5884125;19.1327811
605;Poland;PL 98-330;postcode;51.1023324;19.020114
606;Poland;PL 47-223;postcode;50.3178396;18.2265512
607;Poland;PL 23-200;postcode;50.9224829;22.2199791
608;Italy;IT 47921;postcode;44.0653041;12.5679815
609;France;FR 31200;postcode;43.6193658;1.4261966
610;Sweden;SE 69491;postcode;59.0558159;15.0507621
611;Austria;AT 8530;postcode;46.8386916;15.2189987
612;Poland;PL 62-032;road;52.5777318;21.3625826
613;Poland;PL 78-400;postcode;53.7129422;16.7000906
614;Poland;PL 87-200;postcode;53.273611;18.9591131
615;Poland;PL 65-625;postcode;51.9378192;15.489761
616;Poland;PL 06-500;postcode;53.1091835;20.3771227
617;Poland;PL 83-111;postcode;54.1176918;18.7284016
618;Poland;PL 67-100;postcode;51.8007899;15.7197164
619;Poland;PL 02-495;postcode;52.1913894;20.8848119
620;Poland;PL 20-152;postcode;51.2782176;22.5794959
621;Poland;PL 13-200;postcode;53.272546;20.1393532
622;Poland;PL 98-220;postcode;51.5896363;18.9529845
623;The Netherlands;NL 5047TM;jewelry;52.1040862;5.0996045
624;The Netherlands;NL 9723HD;road;52.3852528;5.2190365
625;Germany;DE 74076;postcode;49.1635748;9.2276817
626;Germany;DE 95183;postcode;50.3759971;11.9086197
627;Sweden;SE 50451;road;57.6675109;11.9387551
628;Poland;PL 89-620;postcode;53.7061517;17.6056119
629;Poland;PL 09-400;postcode;52.5308403;19.710882
630;Poland;PL 62-081;postcode;52.432195;16.7829854
631;Poland;PL 58-100;postcode;50.8457349;16.5005453
632;Poland;PL 90-001;postcode;51.75;19.4667
633;Poland;PL 09-500;postcode;52.4290702;19.4635189
634;The Netherlands;NL 3542CA;postcode;52.1217138;5.0498537
635;Germany;DE 56379;postcode;50.3415171;7.869721
636;Austria;AT 9300;postcode;46.7524183;14.332703
637;Austria;AT 9433;postcode;46.7676714;14.8248441
638;Poland;PL 57-540;postcode;50.3439049;16.8817415
639;The Netherlands;NL 2491AN;postcode;52.0701423;4.3959746
640;Finland;FI 60100;postcode;62.7864148;22.8477598
641;Poland;PL 21-500;postcode;52.035925;23.1293336
642;Poland;PL 70-001;postcode;53.3843321;14.5146412
643;Poland;PL 93-156;postcode;51.75;19.4667
644;Poland;PL 24-130;postcode;51.4089964;22.0678118
645;Poland;PL 62-200;postcode;52.5385827;17.5947302
646;Poland;PL 64-330;postcode;52.3106831;16.4115917
647;Poland;PL 83-110;postcode;54.0970602;18.7703425
648;Poland;PL 97-200;postcode;51.5326429;19.992463
649;Germany;DE 76829;postcode;49.2004112;8.1149484
650;Poland;PL 02-450;road;51.6455533;18.0667901
651;Germany;DE 74172;postcode;49.1748292;9.2308325
652;The Netherlands;NL 1411AS;postcode;52.3038615;5.1466749
653;Austria;AT 9130;postcode;46.6356316;14.4152745
654;Poland;PL 66-440;postcode;52.5874083;15.4993898
655;Poland;PL 25-624;postcode;50.8788068;20.6025675
656;Poland;PL 73-150;postcode;53.6409783;15.6045267
657;Poland;PL 08-110;postcode;52.154023;22.2746254
658;Poland;PL 10-450;postcode;53.7711199;20.5039468
659;Poland;PL 30-332;postcode;50.0432818;19.9362049
660;Germany;DE 67346;postcode;49.3297569;8.4171699
661;Germany;DE 83026;postcode;47.8317586;12.1099555
662;Germany;DE 30521;postcode;52.3209326;9.8050457
663;Germany;DE 50259;postcode;50.9615279;6.7774261
664;Poland;PL 02-230;postcode;52.1850277;20.9244904
665;Norway;NO 3269;postcode;59.0533;10.0352
666;France;FR 69100;postcode;45.7716001;4.8680005
667;Germany;DE 67071;postcode;49.4867256;8.3689222
668;Lithuania;LT LT-14168;postcode;54.7069578;25.1597035
669;Germany;DE 79618;postcode;47.5625304;7.7898536
670;Austria;AT 4910;postcode;48.1987538;13.4899217
671;Poland;PL 75-950;road;50.0250141;20.2311581
672;Germany;DE 21629;postcode;53.4706988;9.7768794
673;Poland;PL 58-306;postcode;50.823638;16.3033878
674;Poland;PL 35-210;postcode;50.0460409;21.9899054
675;Poland;PL 62-570;postcode;52.0778177;18.1579083
676;Germany;DE 65428;postcode;49.9671407;8.4461673
677;Germany;DE 30519;postcode;52.3430733;9.7915797
678;France;FR 69120;postcode;45.7459263;4.9271562
679;The Netherlands;NL 2718TB;postcode;52.0338735;4.5043066
680;Germany;DE 4109;road;50.7243367;8.1099554
681;Poland;PL 30-393;postcode;50.0069561;19.884264
682;Germany;DE 85051;postcode;48.7373764;11.4047556
683;Italy;IT 20090;postcode;45.4172078;9.1286492
684;Poland;PL 55-080;postcode;51.0707473;16.8818287
685;Poland;PL 22-400;postcode;50.7224049;23.2489285
686;Germany;DE 94481;postcode;48.8553081;13.3954425
687;France;FR 53810;postcode;48.089821;-0.7504707
688;Hungary;HU 1239;neighbourhood;47.3780955;19.1328208
689;Norway;NO 3946;postcode;59.121234;9.6921652
690;Germany;DE 83395;postcode;47.8507659;12.9851904
691;Poland;PL 84-300;postcode;54.5382575;17.7358381
692;Poland;PL 27-215;postcode;51.0736463;20.9881186
693;Poland;PL 95-200;postcode;51.6638748;19.3888184
694;Poland;PL 56-100;postcode;51.3243995;16.6129612
695;Poland;PL 31-107;postcode;50.0584188;19.9293177
696;The Netherlands;NL 5107RH;postcode;51.6147051;4.936709
697;Poland;PL 31-261;postcode;50.0845086;19.9272428
698;Germany;DE D-91677;country;51.0834196;10.4234469
699;Poland;PL 21-550;postcode;52.0883298;23.5612745
700;Germany;DE 41179;postcode;51.1759238;6.3910539
701;Poland;PL 05-085;postcode;52.2624512;20.4314547
702;Germany;DE 21035;postcode;53.4890582;10.1388937
703;Russia;RU 121596;postcode;55.722233;37.3990194
704;Norway;NO 188;postcode;59.8675746;10.8373443
705;Belgium;BE 8800;postcode;50.9405215;3.1303909
706;United Kingdom;GB WF20XE;postcode;53.712839;-1.521125
707;Poland;PL 31-946;postcode;50.0786283;20.0320108
708;Austria;AT 6960;postcode;47.4848212;9.8260753
709;Germany;DE 24145;postcode;54.2801438;10.1428377
710;Belgium;BE 1020;postcode;50.8854095;4.3575081
711;The Netherlands;NL 2181HB;postcode;52.3046128;4.5927269
712;Austria;AT 6293;postcode;47.1587536;11.7310272
713;Germany;DE 40549;postcode;51.2344701;6.7211512
714;Russia;RU 143402;postcode;55.8389443;37.2582096
715;Italy;IT I-37139;postcode;45.4534003;10.8994528
716;Austria;AT 3100;neighbourhood;48.1953214;15.6206918
717;Poland;PL 30-727;postcode;50.0833;19.9167
718;Germany;DE 33100;postcode;51.7346184;8.7638283
719;Germany;DE D-14473;postcode;52.3808951;13.0315054
720;Austria;AT 6263;postcode;47.3469249;11.8489502
721;Austria;AT 6272;postcode;47.2924824;11.8729973
722;Austria;AT 6280;postcode;47.2271306;11.8822336
723;Austria;AT 6290;postcode;47.1122438;11.8869495
724;Belgium;BE 7501;postcode;50.6044682;3.3491281
725;Belgium;BE 9240;postcode;51.0671633;4.0323895
726;Austria;AT 9524;village;46.6143728;13.9021255
727;France;FR 69680;postcode;45.7366248;4.9584551
728;Germany;DE 68789;postcode;49.2644746;8.6155758
729;Germany;DE 86167;postcode;48.3884552;10.916837
730;United Kingdom;GB PE26TH;postcode;52.53854;-0.304001
731;Poland;PL 58-535;postcode;50.8051054;15.7585298
732;United Kingdom;GB WS138LH;postcode;52.704292;-1.787422
733;Germany;DE D-92224;postcode;49.4673833;11.7896223
734;Poland;PL 95-006;postcode;51.6801869;19.6496965
735;Austria;AT 5021;postcode;47.8179276;13.0848454
736;Luxembourg;LU 2339;postcode;49.5882832;6.1201562
737;Austria;AT 6281;postcode;47.1872434;11.9947596
739;Germany;DE 33442;postcode;51.8831805;8.2305842
740;Sweden;SE 64139;road;57.6675109;11.9387551
741;Germany;DE 52156;postcode;50.5406799;6.2520694
742;Germany;DE 19243;postcode;53.5122288;11.0797826
743;Germany;DE 92637;postcode;49.6628994;12.1547762
744;France;FR 35136;postcode;48.0779781;-1.7259859
745;Germany;DE 71634;postcode;48.9204558;9.144779
746;Germany;DE 69123;postcode;49.4040738;8.639587
747;Germany;DE 86551;postcode;48.4583472;11.1528589
748;Denmark;DK 7000;postcode;55.5641166;9.7097293
749;Austria;AT 3002;postcode;48.212555;16.1683708
750;Germany;DE 77656;postcode;48.4852959;7.9118596
751;Germany;DE 74564;postcode;49.1325966;10.0493411
752;Germany;DE 71332;postcode;48.8209193;9.307835
753;Spain;ES 8740;restaurant;39.5079538;2.5315622
754;France;FR 60290;postcode;49.3254033;2.411886
755;Germany;DE 68167;postcode;49.4884497;8.5011201
756;The Netherlands;NL 7300AA;city;52.2056558;4.9879857
757;Italy;IT 24040;postcode;45.6009;9.5785
758;Germany;DE 76532;postcode;48.7750034;8.2216053
759;Finland;FI 580;city;61.5500927;29.4999948
760;France;FR 91100;postcode;48.6036558;2.468826
761;Russia;RU 127015;postcode;55.8013635;37.5836367
762;Austria;AT A-3580;postcode;48.6173155;15.7186839
763;Germany;DE 36124;postcode;50.4632219;9.7282834
764;France;FR 92792;village;48.9657979;-1.4427483
765;Germany;DE 10117;postcode;52.52272;13.3920029
766;Belgium;BE 1082;postcode;50.8569503;4.2970989
767;Germany;DE 63071;postcode;50.0978057;8.7672899
768;Germany;DE 96050;postcode;49.8788886;10.9270645
769;Poland;PL 41-208;postcode;50.2445055;19.1682947
770;Germany;DE 35578;postcode;50.5402257;8.5264537
771;Slovakia;SK 83106;postcode;48.2078185;17.1527878
772;Sweden;SE 67010;postcode;59.5075858;11.8411835
773;United Kingdom;GB SR77DN;postcode;54.822938;-1.335997
774;Germany;DE 10557;postcode;52.5182938;13.3637956
775;Hungary;HU 1225;neighbourhood;47.3873223;18.9749338
776;Norway;NO 667;road;62.496435;6.7186994
777;Germany;DE 56072;postcode;50.3628966;7.5527996
778;Germany;DE 18055;postcode;54.0920772;12.1391873
779;Germany;DE 97084;postcode;49.7479152;9.9599502
780;Germany;DE D-24211;postcode;54.2290809;10.2924735
781;Germany;DE 78052;postcode;47.9966374;8.4056516
782;Germany;DE 53111;postcode;50.7373958;7.092736
783;Germany;DE D-71636;postcode;48.8918053;9.1699823
784;Austria;AT A-2203;postcode;48.3854226;16.4219803
785;Germany;DE 76534;postcode;48.7414715;8.2684151
786;Denmark;DK 9493;postcode;57.2809503;9.6601686
787;France;FR 79180;postcode;46.3537195;-0.381172
788;France;FR 67129;county;48.7926;7.3817
789;France;FR 95506;village;48.9657979;-1.4427483
790;Germany;DE 32469;postcode;52.3798611;8.9519738
791;The Netherlands;NL 1531MG;postcode;52.4912068;4.800388
792;Italy;IT 28010;postcode;45.6898976;8.3999295
793;Germany;DE 63571;postcode;50.200911;9.1951897
794;Germany;DE 71065;postcode;48.7103938;9.0564033
795;Germany;DE 63920;postcode;49.7251069;9.227642
796;Germany;DE 95032;postcode;50.2894035;11.9016854
797;Germany;DE 50679;postcode;50.9374263;6.9782702
798;France;FR 34070;postcode;43.5980995;3.8612754
799;United Kingdom;GB RH15ES;postcode;51.1934;-0.162993
800;The Netherlands;NL 8601VA;postcode;53.0379415;5.6217687
801;Poland;PL 91-089;postcode;51.7850888;19.4216297
802;Germany;DE 91522;postcode;49.2888745;10.5597693
803;Germany;DE 75172;postcode;48.8864922;8.6814005
804;Germany;DE 76149;postcode;49.0447317;8.3845909
805;France;FR 84300;postcode;43.8487616;5.0399871
806;Germany;DE 23611;postcode;53.926555;10.6917139
807;France;FR 69330;county;45.7581;5.0672
808;Germany;DE 60549;postcode;50.0487546;8.5778435
809;France;FR 94654;road;46.234451;5.353846
810;Austria;AT A-8055;postcode;47.0246944;15.4317984
811;Poland;PL 41-850;building;50.6187492;23.6841716
812;Austria;AT 2103;postcode;48.3058335;16.353203
813;Germany;DE D-80336;postcode;48.1333275;11.5665675
814;France;FR 91420;postcode;48.7074901;2.330137
815;United Kingdom;GB DA145BQ;postcode;51.411383;0.132832
816;Poland;PL 30-532;postcode;50.0447565;19.9598169
817;Austria;AT 8045;postcode;47.1140601;15.4331092
818;Italy;IT 20121;road;45.437324;9.1961034
819;United Kingdom;GB CB225JT;postcode;52.160913;0.127957
820;United Kingdom;GB MK178UE;postcode;52.020887;-0.659161
821;United Kingdom;GB SG129RP;postcode;51.793715;-0.019687
822;United Kingdom;GB WR90DG;postcode;52.300891;-2.105798
823;United Kingdom;GB OX135HB;postcode;51.672503;-1.381923
824;Austria;AT 5151;postcode;48.0013485;13.0374373
825;Germany;DE 52068;postcode;50.7800736;6.1213856
826;Germany;DE 17034;postcode;53.5783746;13.2852156
827;Germany;DE 90402;postcode;49.4515385;11.104159
828;Poland;PL 80-280;postcode;54.3835468;18.5898645
829;Germany;DE 20354;postcode;53.5580406;9.9910922
830;Germany;DE 16515;postcode;52.7392611;13.2691557
831;United Kingdom;GB SN152LZ;postcode;51.420521;-2.131807
832;United Kingdom;GB BS140BT;postcode;51.397815;-2.553971
833;United Kingdom;GB EX111LZ;postcode;50.763222;-3.273871
834;United Kingdom;GB SN95PF;postcode;51.335576;-1.830222
835;Italy;IT 20056;postcode;45.6042688;9.5153844
836;Italy;IT 20861;postcode;45.5447899;9.3115441
837;Poland;PL 20-037;postcode;51.247596;22.5467143
838;Poland;PL 61-131;postcode;52.3984316;16.9619087
839;Russia;RU 141503;postcode;56.2196786;36.9869735
841;France;FR 27000;postcode;49.0171773;1.1846274
842;Sweden;SE 11135;postcode;59.334839;18.0602997
843;Poland;PL 15-879;postcode;53.1327859;23.142571
844;Poland;PL 31-462;postcode;50.0776946;19.9723411
846;Germany;DE 14473;postcode;52.3808951;13.0315054
847;Germany;DE D-33333;postcode;51.8849363;8.4432207
848;Poland;PL 40-010;postcode;50.2573872;19.0332928
849;Poland;PL 50-381;postcode;51.1119171;17.0569357
850;Poland;PL 32-050;postcode;49.9713831;19.8246865
851;France;FR 94150;postcode;48.7435659;2.3534846
852;Germany;DE 99086;postcode;51.0109356;11.0232993
853;France;FR 75017;postcode;48.8789705;2.2941557
854;Poland;PL 00-872;postcode;52.2364137;20.9845871
855;France;FR 95150;postcode;49.0273525;2.213652
856;United Kingdom;GB MK443QP;postcode;52.13508;-0.371077
857;Slovakia;SK 3601;road;49.0494875;21.4601237
858;United Kingdom;GB NW107RH;postcode;51.541943;-0.272247
859;Germany;DE 44652;postcode;51.5325908;7.1670122
860;Germany;DE 81829;postcode;48.1319996;11.6777753
861;Czech Republic;CZ 40011;postcode;50.6750554;14.0375783
862;The Netherlands;NL 1067TL;postcode;52.3738579;4.7618408
863;Denmark;DK 1208;postcode;55.6771178;12.5752744
864;Poland;PL 5080;neighbourhood;50.0766426;19.946679
865;Germany;DE D-06116;postcode;51.4763212;12.0539182
866;Germany;DE 23617;postcode;53.8954222;10.6350623
867;France;FR 68250;postcode;47.9702739;7.294304
868;Poland;PL 3236;neighbourhood;50.0766426;19.946679
869;Lithuania;LT LT-13274;postcode;54.6048387;25.3936653
870;Poland;PL 05-840;postcode;52.1451539;20.7165242
871;Poland;PL 02-675;postcode;52.1818677;21.0034158
872;France;FR 75008;postcode;48.8722599;2.3116893
873;Sweden;SE 21586;road;57.6675109;11.9387551
874;Austria;AT 1010;postcode;48.2104104;16.3628995
875;Germany;DE 10785;postcode;52.504463;13.3635253
876;Poland;PL 48-303;postcode;50.4467834;17.3557308
877;Sweden;SE 15242;postcode;59.2161268;17.6613228
878;Sweden;SE 21579;road;57.6675109;11.9387551
879;France;FR 79140;postcode;46.8560637;-0.6567295
880;Sweden;SE 43891;postcode;57.6830758;12.163689
881;Poland;PL 32-002;postcode;50.0176872;20.1055997
882;Poland;PL 33-230;postcode;50.3069859;21.0774367
883;The Netherlands;NL 2742RH;postcode;52.017733;4.6250434
884;Norway;NO 7080;postcode;63.3465181;10.3490801
885;Poland;PL 93-231;postcode;51.7360749;19.5188431
886;United Kingdom;GB PE284NF;postcode;52.31285;-0.223505
887;United Kingdom;GB GU99JX;postcode;51.22885;-0.764528
888;Germany;DE 44139;postcode;51.4970672;7.4582355
889;Germany;DE 21220;postcode;53.3644502;10.0404189
890;Spain;ES E-50012;postcode;41.6364645;-0.931017
891;Norway;NO 7300;postcode;63.3001199;9.849265
892;Poland;PL 3117;neighbourhood;50.0766426;19.946679
893;Poland;PL 2767;neighbourhood;50.0766426;19.946679
894;Italy;IT 200092;village;45.6625625;10.1185752
895;Germany;DE D-21220;postcode;53.3644502;10.0404189
896;Norway;NO 5179;postcode;60.3786;5.1983
897;Sweden;SE 21376;postcode;55.5538115;13.040957
840;United Kingdom;GB LA22ODW;country;54.75844;-2.69531
845;United Kingdom;GB LX174XT;country;54.75844;-2.69531
738;United Kingdom;GB ST161GY;country;54.75844;-2.69531
469;United Kingdom;GB OX2OEJ;country;54.75844;-2.69531
